{  "images": [    {      "idiom": "iphone",      "size": "20x20",      "filename": "Icon-App-20@2x.png",      "scale": "2x"    },    {      "idiom": "iphone",      "size": "20x20",      "filename": "Icon-App-20@3x.png",      "scale": "3x"    },    {      "idiom": "iphone",      "size": "29x29",      "filename": "Icon-App-29@2x.png",      "scale": "2x"    },    {      "idiom": "iphone",      "size": "29x29",      "filename": "Icon-App-29@3x.png",      "scale": "3x"    },    {      "idiom": "iphone",      "size": "60x60",      "filename": "Icon-App-60@2x.png",      "scale": "2x"    },    {      "idiom": "iphone",      "size": "60x60",      "filename": "Icon-App-60@3x.png",      "scale": "3x"    },    {      "idiom": "ipad",      "size": "29x29",      "filename": "Icon-App-iPad-29.png",      "scale": "1x"    },    {      "idiom": "ipad",      "size": "29x29",      "filename": "Icon-App-iPad-29@2x.png",      "scale": "2x"    },    {      "idiom": "ipad",      "size": "76x76",      "filename": "Icon-App-76.png",      "scale": "1x"    },    {      "idiom": "ipad",      "size": "76x76",      "filename": "Icon-App-76@2x.png",      "scale": "2x"    },    {      "idiom": "iphone",      "size": "40x40",      "filename": "Icon-App-Small-40@2x.png",      "scale": "2x"    },    {      "idiom": "iphone",      "size": "40x40",      "filename": "Icon-App-Small-40@3x.png",      "scale": "3x"    },    {      "idiom": "ipad",      "size": "40x40",      "filename": "Icon-App-40.png",      "scale": "1x"    },    {      "idiom": "ipad",      "size": "40x40",      "filename": "Icon-App-40@2x.png",      "scale": "2x"    },    {      "idiom": "ipad",      "size": "20x20",      "filename": "Icon-App-20.png",      "scale": "1x"    },    {      "idiom": "ipad",      "size": "20x20",      "filename": "Icon-App-iPad-20@2x.png",      "scale": "2x"    },    {      "idiom": "ipad",      "size": "83.5x83.5",      "filename": "Icon-App-iPad-835@2x.png",      "scale": "2x"    },    {      "idiom": "ios-marketing",      "size": "1024x1024",      "filename": "Icon-App-Artwork.png",      "scale": "1x"    }  ],  "info": {    "version": 1,    "author": "xcode"  }}